Name,Field,State,Country,Year
Aamir Khan,Art,Maharashtra,India,2010
Akbar Padamsee,Art,Maharashtra,India,2010
Allah Rakha Rahman,Art,Tamil Nadu,India,2010
Chhannulal Mishra,Art,Uttar Pradesh,India,2010
Ilaiyaraaja,Art,Tamil Nadu,India,2010
Kumudini Lakhia,Art,Gujarat,India,2010
Kuzhur Narayana Marar,Art,Kerala,India,2010
Madhusudan Amilal Dhaky,Art,Gujarat,India,2010
Mallika Sarabhai,Art,Gujarat,India,2010
Nookala Chinna Satyanarayana,Art,Andhra Pradesh,India,2010
Puttaraj Gavai,Art,Karnataka,India,2010
Ram Kumar,Art,Delhi,India,2010
Shrinivas Vinayak Khale,Art,Maharashtra,India,2010
Sultan Khan,Art,Maharashtra,India,2010
B. K. Chaturvedi,Civil Service,Delhi,India,2010
Moosa Raza,Civil Service,Delhi,India,2010
Dr. P. R. Dubhashi,Civil Service,Maharashtra,India,2010
Fareed Zakaria,Journalism,,United States*,2010
Anil Bordia,Literature and Education,Rajasthan,India,2010
Bipan Chandra,Literature and Education,Delhi,India,2010
G. P. Chopra,Literature and Education,Delhi,India,2010
Mohammad Amin,Literature and Education,Delhi,India,2010
Satya Vrat Shastri,Literature and Education,Delhi,India,2010
Tan Chung,Literature and Education,,United States*,2010
Belle Monappa Hegde,Medicine,Karnataka,India,2010
E. T. Narayanan Mooss,Medicine,Kerala,India,2010
Noshir M. Shroff,Medicine,Delhi,India,2010
Panniyampilly Krishna Warrier,Medicine,Kerala,India,2010
Ramakant Madanmohan Panda,Medicine,Maharashtra,India,2010
Satya Paul Agarwal,Medicine,Delhi,India,2010
Abhijit Sen,Public Affairs,Delhi,India,2010
Sailesh Kumar Bandopadhyay,Public Affairs,West Bengal,India,2010
Sant Singh Chatwal,Public Affairs,,United States*,2010
Arogyaswami Joseph Paulraj,Science and Engineering,,United States*,2010
Bikash Chandra Sinha,Science and Engineering,West Bengal,India,2010
Jagdish Chandra Kapur,Science and Engineering,Delhi,India,2010
Balagangadharanatha Swamiji,Social Work,Karnataka,India,2010
Balasaheb Vikhe Patil,Social Work,Maharashtra,India,2010
C. P. Krishnan Nair,Trade and Industry,Maharashtra,India,2010
Kushal Pal Singh,Trade and Industry,Delhi,India,2010
Manvinder Singh Banga,Trade and Industry,,United Kingdom*,2010
Narayanan Vaghul,Trade and Industry,Tamil Nadu,India,2010
S. P. Oswal,Trade and Industry,Punjab,India,2010
Name,Field,State,Country,
Gaurav Arora,Art-Theatre,Maharashtra,India,2011
Mohammed Zahur Khayyam Hashmi,Art-Cinema-Music,Maharashtra,India,2011
Shashi Kapoor,Art-Cinema,Maharashtra,India,2011
Krishen Khanna,Art-Painting,Haryana,India,2011
Madavur Vasudevan Nair,Art-Dance-Kathakali,Kerala,India,2011
Waheeda Rehman,Art-Cinema,Maharashtra,India,2011
Rudrapatna Krishna Shastry Srikantan,Art-Music-Vocal,Karnataka,India,2011
Arpita Singh,Art-Painting,Delhi,India,2011
Sripathi Panditharadhyula Balasubrahmanyam,"Art-Playback Singing, Music Direction & acting",Andhra Pradesh,India,2011
C. V. Chandrasekhar,Art-Classical Dance-Bharatanatyam,Tamil Nadu,India,2011
Dwijen Mukherjee,Art,West Bengal,India,2011
Rajashree Birla,Social work,Maharashtra,India,2011
Shobhana Ranade,Social work,Maharashtra,India,2011
Suryanarayanan Ramachandran,Science and Engineering,Tamil Nadu,India,2011
S. (Kris) Gopalakrishnan,Trade and Industry,Karnataka,India,2011
Yogesh Chander Deveshwar,Trade and Industry,West Bengal,India,2011
Chanda Kochhar,Trade and Industry,Maharashtra,India,2011
K. Anji Reddy,Trade and Industry-Pharmacy,Andhra Pradesh,India,2011
Analjit Singh,Trade and Industry,Delhi,India,2011
Rajendra Singh Pawar,Trade and Industry,Haryana,India,2011
Gunapati Venkata Krishna Reddy,Trade and Industry,Andhra Pradesh,India,2011
Ajai Chowdhry,Trade and Industry,Delhi,India,2011
Surendra Singh,Civil Services,Delhi,India,2011
M. N. Buch,Civil Services,Madhya Pradesh,India,2011
Shyam Saran,Civil Services,Delhi,India,2011
Thayil Jacob Sony George,Literature and Education,Karnataka,India,2011
Ramdas Madhava Pai,Literature and Education,Karnataka,India,2011
Sankha Ghosh,Literature and Education,West Bengal,India,2011
K. Raghavan Thirumulpadâ€ ,Medicine-Ayurveda,Kerala,India,2011
Keki Byramjee Grantâ€ ,Medicine-Cardiology,Maharashtra,India,2011
Dashrath Patelâ€ ,Art,Gujarat,India,2011
Name,Field,State,Country,
Shabana Azmi,Art â€“ Cinema,Maharashtra,India,2012
Khaled Choudhury,Art â€“ Theatre,West Bengal,India,2012
Jatin Das,Art â€“ Painting,Delhi,India,2012
Buddhadev Das Gupta,Art â€“ Instrumental Music â€“ Sarod,West Bengal,India,2012
Dharmendra Singh Deol alias Dharmendra,Art â€“ Cinema,Punjab/Maharashtra,India,2012
T. V. Gopalakrishnan,Art â€“ Classical vocal and instrumental music,Tamil Nadu,India,2012
Mira Nair,Art â€“ Cinema,Delhi,India,2012
M.S. Gopalakrishnan,Art â€“ Instrumental Music-Violin,Tamil Nadu,India,2012
Anish Kapoor,Art â€“ Sculpture,,UK*,2012
Satya Narayan Goenka,Social Work,Maharashtra,India,2012
Patibandla Chandrasekhar Rao,Public Affairs,,Germany*,2012
George Yong-Boon Yeo,Public Affairs,,Singapore*,2012
Shashikumar Chitre,Science and Engineering,Maharashtra,India,2012
M S Raghunathan,Science and Engineering,Maharashtra,India,2012
Subbiah Murugappa Vellayan,Trade and Industry,Tamil Nadu,India,2012
Balasubramanian Muthuraman,Trade and Industry,Maharashtra,India,2012
Suresh H. Advani,Medicine â€“ Oncology,Maharashtra,India,2012
N H Wadia,Medicine-Neurology,Maharashtra,India,2012
Devi Prasad Shetty,Medicine-Cardiology,Karnataka,India,2012
Shantaram Balwant Mujumdar,Literature and Education,Maharashtra,India,2012
Vidya Dehejia,Literature and Education,,USA*,2012
Arvind Panagariya,Literature and Education,,USA*,2012
Jose Pereira,Literature and Education,,USA*,2012
Homi K. Bhabha,Literature and Education,,UK *,2012
N Vittal,Civil Service,Kerala,India,2012
Mata Prasad,Civil Service,Uttar Pradesh,India,2012
Ronen Sen,Civil Service,West Bengal,India,2012
Name,Field,State,Country,
Rahul Dravid,Sports â€“ Cricket,Karnataka,India,2013
Mary Kom,Sports â€“ Boxing,Manipur,India,2013
Ramanaidu Daggubati,Art â€“ Cinema,Andhra Pradesh,India,2013
Rajesh Khannaâ€ ,Art â€“ Cinema,Maharashtra,India,2013
Sharmila Tagore,Art â€“ Cinema,Delhi,India,2013
Kanak Rele,Art â€“ Dancer,Maharashtra,India,2013
Saroja Vaidyanathan,Art â€“ Dancer,Delhi,India,2013
Sreeramamurthy Janaki (declined the award),Art â€“ Singer,Andhra Pradesh,India,2013
Abdul Rashid Khan,Art â€“ Singer,West Bengal,India,2013
Jaspal Singh Bhattiâ€ ,Art â€“ Comedian,Punjab,India,2013
Shivajirao Girdhar Patil,Public Affairs,Maharashtra,India,2013
Apathukatha Sivathanu Pillai,Science,Delhi,India,2013
Vijay Kumar Saraswat,Science â€“ Defence Research,Delhi,India,2013
Ashoke Sen,Science â€“ Physics,Uttar Pradesh,India,2013
B. N. Suresh,Science â€“ Aerospace,Karnataka,India,2013
Satya N. Atluri*,Science â€“ Aerospace,,USA,2013
Jogesh Chandra Pati*,Science â€“ Physics,,USA,2013
Ramamurthy Thyagarajan,Trade â€“ Industry,Tamil Nadu,India,2013
Adi Burjor Godrej,Trade â€“ Industry,Maharashtra,India,2013
Nandkishore Shamrao Laud,Medicine,Maharashtra,India,2013
Mangesh Padgaonkar,Literature & Education,Maharashtra,India,2013
Gayatri Chakravorty Spivak*,Literature & Education,,USA,2013
Hemendra Singh Panwar,Civil Service,Madhya Pradesh,India,2013
Maharaj Kishan Bhan,Civil Service,Delhi,India,2013
Name,Field,State,Country,
Ghulam Mohammed Sheikh,Art-Painting,Gujarat,India,2014
Begum Parveen Sultana,Art-Classical Singing,Maharashtra,India,2014
Thetakudi Harihara Vinayakram,Art-Ghatam Artist,Tamil Nadu,India,2014
Kamal Haasan,Art-Cinema,Tamil Nadu,India,2014
Justice Dalveer Bhandari,Public Affairs,Delhi,India,2014
Padmanabhan Balaram,Science and Engineering,Karnataka,India,2014
Jyeshtharaj Joshi,Science and Engineering,Maharashtra,India,2014
Madappa Mahadevappa,Science and Engineering,Karnataka,India,2014
Thirumalachari Ramasami,Science and Engineering,Delhi,India,2014
Vinod Prakash Sharma,Science and Engineering,Delhi,India,2014
Radhakrishnan Koppillil,Science and Engineering,Karnataka,India,2014
Mrityunjay Athreya,Literature and Education,Delhi,India,2014
Anita Desai,Literature and Education,Delhi,India,2014
Dhirubhai Thaker,Literature and Education,Gujarat,India,2014
Vairamuthu,Literature and Education,Tamil Nadu,India,2014
Ruskin Bond,Literature and Education,Uttarakhand,India,2014
Pullela Gopichand,Sports-Badminton,Andhra Pradesh,India,2014
Leander Paes,Sports-Tennis,West Bengal,India,2014
Vijayendra Nath Kaul,Civil Service,Delhi,India,2014
Justice Jagdish Sharan Vermaâ€ ,Public Affairs,Uttar Pradesh,India,2014
Anumolu Ramakrishnaâ€ ,Science and Engineering,Andhra Pradesh,India,2014
Anisuzzaman,Literature and Education,,Bangladesh*,2014
Lloyd Rudolph,Literature and Education,,USA*,2014
Susanne Hoeber Rudolph,Literature and Education,,USA*,2014
Neelam Kler,Medicine- Neonatology,Delhi,India,2014
Name,Field,State,Country,
Jahnu Baruah,Art,Assam,India,2015
Vijay Bhatkar,Science and Engineering,Maharashtra,India,2015
Swapan Dasgupta,Literature and Education,Delhi,India,2015
Satyamitranand Giri,Others,Uttar Pradesh,India,2015
N. Gopalaswami,Civil Service,Tamil Nadu,India,2015
Subhash C. Kashyap,Public Affairs,Delhi,India,2015
Gokulotsavji Maharaj,Art,Madhya Pradesh,India,2015
Ambrish Mithal,Medicine,Delhi,India,2015
Sudha Ragunathan,Art,Tamil Nadu,India,2015
Harish Salve,Public Affairs,Delhi,India,2015
Ashok Seth,Medicine,Delhi,India,2015
Rajat Sharma,Literature and Education,Delhi,India,2015
Satpal Singh,Sports,Delhi,India,2015
Shivakumara Swami,Others,Karnataka,India,2015
Kharag Singh Valdiya,Science and Engineering,Karnataka,India,2015
Manjul Bhargava,Science and Engineering,,USA,2015
David Frawley (Vamadeva),Others,,USA,2015
Bill Gates,Social Work,,USA,2015
Melinda Gates,Social Work,,USA,2015
Saichiro Misumi,Others,,Japan,2015
Name,Field,State,Country,
H.H. Swami Tejomayananda,Spiritual,Maharashtra,India,2016
Anupam Kher,Art,Maharashtra,India,2016
Udit Narayan,Art,Maharashtra,India,2016
Ram V Sutar,Art,Uttar Pradesh,India,2016
Heisnam Kanhailal,Art,Manipur,India,2016
Vinod Rai,Civil Service,Kerala,India,2016
Yarlagadda Lakshmi Prasad,Literature & Education,Andhra Pradesh,India,2016
N. S. Ramanuja Tatacharya,Literature & Education,Maharashtra,India,2016
Barjinder Singh Hamdard,Literature & Education,Punjab,India,2016
D. Nageshwar Reddy,Medicine,Telangana,India,2016
Hafeez Contractor,Other,Maharashtra,India,2016
Ravindra Chandra Bhargava,Public Affairs,Uttar Pradesh,India,2016
A. V. Rama Rao,Science & Engineering,Andhra Pradesh,India,2016
Saina Nehwal,Sports,Telangana,India,2016
Sania Mirza,Sports,Telangana,India,2016
Indu Jain,Trade & Industry,Delhi,India,2016
Dayananda Saraswatiâ€ ,Others,Uttarakhand,India,2016
Robert Blackwill,Public Affairs,Foreigner,USA,2016
Pallonji Shapoorji Mistry,Trade & Industry,NRI/PIO,Ireland,2016
Name,Field,State,Country,
Begum Aizaz Rasul,Social Work,Uttar Pradesh,India,2000
Raghunath Anant Mashelkar,Science & Engineering,Delhi,India,2000
Vasudev Kalkunte Aatre,Science & Engineering,Delhi,India,2000
Karamshi Jethabhai Somaiya,Social Work,Maharashtra,India,2000
Maulana Wahiduddin Khan,Public Affairs,Delhi,India,2000
Braj Basi Lal,Science & Engineering,Delhi,India,2000
Harbans Singh Wasir,Medicine,Haryana,India,2000
Pavagada Venkata Indiresan,Science & Engineering,Delhi,India,2000
Anil Kumar Agarwal,Others,Delhi,India,2000
DharmasthalaVeerendra Heggade,Social Work,Karnataka,India,2000
Holenarasipur Yoganarasiham Prasad Sharada,Literature & Education,Delhi,India,2000
Pakkiriswamy Chandra Sekharan,Science & Engineering,Karnataka,India,2000
Raja Reddy,Arts,Delhi,India,2000
Rajini Kanth,Arts,Tamil Nadu,India,2000
Ram Narain Agarwal,Science & Engineering,Andhra Pradesh,India,2000
Ratan Tata,Trade & Industry,Maharashtra,India,2000
Radha Reddy,Arts,Delhi,India,2000
S. Srinivasan,Science & Engineering,Kerala,India,2000
Sharan Rani Backliwal,Arts,Delhi,India,2000
Swami Kalyan Dev,Social Work,Uttar Pradesh,India,2000
Name,Field,State,Country,
Yamini Krishnamurti,Arts,Delhi,India,2001
Arun Netravali,Science & Engineering,,United States,2001
Bhupathiraju Vissam Raju,Trade & Industry,Andhra Pradesh,India,2001
Boyi Bhimanna,Literature & Education,Andhra Pradesh,India,2001
Chitranjan Singh Ranawat,Medicine,,United States,2001
Karimpumannil Mathai George,Literature & Education,Kerala,India,2001
Lakshminarayana Subramaniam,Arts,tamil nadu,India,2001
Naresh Kumar Trehan,Medicine,Delhi,India,2001
Palle Rama Rao,Science & Engineering,Andhra Pradesh,India,2001
Bhanumathi Ramakrishna,Arts,Tamil Nadu,India,2001
Raj Reddy,Science & Engineering,,United States,2001
Rajendra Kumar Pachauri,Others,Delhi,India,2001
Amrita Patel,Trade & Industry,Gujarat,India,2001
Maulana Abdul Karim Parekh,Social Work,Maharashtra,India,2001
Uma Sharma,Arts,Delhi,India,2001
Shiv Kumar,Literature & Education,Andhra Pradesh,India,2001
Amitabh Bachchan,Arts,Maharashtra,India,2001
Aroon Purie,Literature & Education,Delhi,India,2001
Ashok Desai,Public Affairs,Delhi,India,2001
Badrinarayan Ramulal Barwale,Trade & Industry,Maharashtra,India,2001
Baldev Raj Chopra,Arts,Maharashtra,India,2001
Bhupen Hazarika,Arts,Assam,India,2001
Dev Anand,Arts,Maharashtra,India,2001
Lalgudi Gopalaiyer Jayaraman,Arts,Tamil Nadu,India,2001
Mohan Singh Oberoi,Trade & Industry,Delhi,India,2001
Pran,Arts,Maharashtra,India,2001
Raghunath Mohapatra,Arts,Orissa,India,2001
Rahul Bajaj,Trade & Industry,Maharashtra,India,2001
Sundaram Ramakrishnan,Social Work,Maharashtra,India,2001
Swadesh Chatterjee,Public Affairs,,United States,2001
Trimbak alias Balasaheb Shivram Bharde,Social Work,Maharashtra,India,2001
Viswanathan Anand,Sports,Tamil Nadu,India,2001
Name,Field,State,Country,
Prabha Atre,Arts,Maharashtra,India,2002
Hari Pal Singh Ahluwalia,Social Work,Delhi,India,2002
Natesan Rangabashyam,Medicine,Tamil Nadu,India,2002
Sushantha Kumar Bhattacharyya,Public Affairs,,United Kingdom,2002
Vangalampalayam Chellappagounder Kulandaiswamy,Science & Engineering,Tamil Nadu,India,2002
Bellur Krishnamachar Sundara Raja Iyengar,Literature & Education,Maharashtra,India,2002
Chandu Borde,Sports,Maharashtra,India,2002
Faquir Chand Kohli,Science & Engineering,Maharashtra,India,2002
Frank Pallone,Public Affairs,,United States,2002
Gary Ackerman,Public Affairs,,United States,2002
Guri Ivanovich Marchuk,Science & Engineering,,Russia,2002
Habib Tanvir,Arts,Madhya Pradesh,India,2002
Henning Holck Larsen,Trade & Industry,Maharashtra,India,2002
Ismail Merchant,Arts,Maharashtra,India,2002
Jagat Singh Mehta,Civil Service,Rajasthan,India,2002
Dr. Kattassery Joseph Yesudas,Arts,Kerala,India,2002
Kottayan Katankot Venugopal,Public Affairs,Delhi,India,2002
Maharaja Krishna Rasgotra,Civil Service,Delhi,India,2002
Mario De Miranda,Literature & Education,Goa,India,2002
Nirmal Verma,Literature & Education,Delhi,India,2002
Pravinchandra Varjivan Gandhi,Trade & Industry,Maharashtra,India,2002
Ramanujam Varatharaja Perumal,Science & Engineering,Kerala,India,2002
Yevgeni Petrovich Chelyshev,Literature & Education,,Russia,2002
Zakir Hussain,Arts,Maharashtra,India,2002
Shobha Gurtu,Arts,Maharashtra,India,2002
Name,Field,State,Country,
Arcot Ramachandran,Science & Engineering,Karnataka,India,2003
Herbert Alexandrovich Yefremov,Science & Engineering,,Russia,2003
Kantilal Hastimal Sancheti,Medicine,Maharashtra,India,2003
Purshotam Lal,Medicine,Uttar Pradesh,India,2003
Ramesh Kumar,Medicine,Delhi,India,2003
Krishna Joshi,Science & Engineering,Haryana,India,2003
Sitakant Mahapatra,Literature & Education,Orissa,India,2003
Padma Subrahmanyam,Arts,Tamil Nadu,India,2003
Bagicha Singh Minhas,Science & Engineering,Delhi,India,2003
Rajinder Kumar [1],Science & Engineering,Karnataka,India,2003
Ammannur Madhava Chakyar,Arts,Kerala,India,2003
Balasubramania Rajam Iyer,Arts,Tamil Nadu,India,2003
Coluthur Gopalan,Medicine,Delhi,India,2003
Hari Shankar Singhania,Trade & Industry,Delhi,India,2003
Herbert Fischer,Public Affairs,,Germany,2003
Jagjit Singh,Arts,Maharashtra,India,2003
Jamshyd Naoroji Godrej,Trade & Industry,Maharashtra,India,2003
Madurai Narayanan Krishnan,Arts,Tamil Nadu,India,2003
Narayanan Srinivasan,Science & Engineering,Tamil Nadu,India,2003
Naseeruddin Shah,Arts,Maharashtra,India,2003
Ottupulakkal Velukkuty Vijayan,Literature & Education,Kerala,India,2003
Parasaran Kesava Iyengar,Public Affairs,Delhi,India,2003
Prabhu Chawla,Others,Delhi,India,2003
P. S. Narayanaswamy,Arts,Tamil Nadu,India,2003
Ram Badan Singh,Science & Engineering,Delhi,India,2003
Subhash Mukhopadhyay (poet),Literature & Education,West Bengal,India,2003
Thaliyadiparambil Vittappa Ramachandra Shenoy,Others,Delhi,India,2003
T. V. Sankaranarayanan,Arts,Tamil Nadu,India,2003
Trichur V. Ramachandran,Arts,Tamil Nadu,India,2003
Umayalpuram K. Sivaraman,Arts,Tamil Nadu,India,2003
Swapna Sundari,Arts,Delhi,India,2003
Teejan Bai,Arts,Chhattisgarh,India,2003
Name,Field,State,Country,
Bijoy Nandan Shahi,Medicine,Delhi,India,2004
Chennamaneni Hanumantha Rao,Literature & Education,Andhra Pradesh,India,2004
Krishna Srinivas,Literature & Education,Tamil Nadu,India,2004
N. Rajam,Arts,Uttar Pradesh,India,2004
Chandrashekhar Shankar Dharmadhikari,Public Affairs,Maharashtra,India,2004
Komal Kothari,Arts,Rajasthan,India,2004
Gopi Chand Narang,Literature & Education,Delhi,India,2004
Govindarajan Padmanaban,Science & Engineering,Karnataka,India,2004
Sardara Singh Johl,Economics,Punjab,India,2004
Gulzar,Arts,Maharashtra,India,2004
Madhav Vittal Kamath,Literature & Education,Maharashtra,India,2004
Madurai Thirumalai Nambi Seshagopalan,Arts,Tamil Nadu,India,2004
Soumitra Chatterjee,Arts,West Bengal,India,2004
Thoppil Varghese Antony,Civil Service,Tamil Nadu,India,2004
Tiruvengadam Lakshman Sankar,Civil Service,Andhra Pradesh,India,2004
Vishnu Prabhakar,Literature & Education,Delhi,India,2004
Yoshiro Mori,Public Affairs,,Japan,2004
Alarmel Valli,Arts,Tamil Nadu,India,2004
Poornima Arvind Pakvasa,Social Work,Gujarat,India,2004
Name,Field,State,Country,
Andre Beteille,Literature & Education,Delhi,India,2005
Anil Kohli,Medicine,Delhi,India,2005
Brijmohan Lall Munjal,Trade & Industry,Delhi,India,2005
Hari Mohan,Medicine,Delhi,India,2005
Kiran Mazumdar Shaw,Science & Engineering,Karnataka,India,2005
Mrinal Datta Chaudhuri,Literature & Education,Delhi,India,2005
Narasimhiah Seshagiri,Science & Engineering,Karnataka,India,2005
Sardar Anjum,Literature & Education,Haryana,India,2005
Tarlochan Singh Kler,Medicine,Delhi,India,2005
Yash Raj Chopra,Arts,Maharashtra,India,2005
Yusuf Khwaja Hamied,Medicine,Maharashtra,India,2005
Irfan Habib,Literature & Education,Uttar Pradesh,India,2005
Kolli Srinath Reddy,Medicine,Delhi,India,2005
Mrinal Miri,Literature & Education,Meghalaya,India,2005
Qurratulain Hyder,Literature & Education,Uttar Pradesh,India,2005
Valangiman Subramanian Ramamurthy,Science & Engineering,Delhi,India,2005
A. Ramachandran,Arts,Delhi,India,2005
Azim Premji,Trade & Industry,Karnataka,India,2005
Balraj Puri,Literature & Education,Jammu and Kashmir,India,2005
Chandi Prasad Bhatt,Others,Uttarakhand,India,2005
Girish Chandra Saxena,Civil Service,Delhi,India,2005
Gopichettipalayam Venkataramana Iyer Ramakrishna,Civil Service,Tamil Nadu,India,2005
Koduru Iswara Varaprasad Reddy,Science & Engineering,Andhra Pradesh,India,2005
Dr. Madathil Thekkepaattu Vasudevan Nair,Literature & Education,Kerala,India,2005
Manna Dey,Arts,Karnataka,India,2005
Syed Mir Qasim,Public Affairs,Delhi,India,2005
Tumkur Ramaiya Satish Chandran,Civil Service,Karnataka,India,2005
S.R. Sankaran,Civil Service,Andhra Pradesh,India,2005
William Mark Tully,Literature & Education,Delhi,India,2005
Name,Field,State,Country,
Air commodore Jasjit Singh,Defence Services,Haryana,India,2006
Billy Arjan Singh,Other,Uttar Pradesh,India,2006
Jaiveer Agarwal,Medicine,Tamil Nadu,India,2006
Madhav Gadgil,Science & Engineering,Maharashtra,India,2006
Vijaypat Singhania,Sports,Maharashtra,India,2006
Chiranjeevi,social service & arts,Andhra Pradesh,India,2006
Shanno Khurana,Arts,Delhi,India,2006
V. Shanta,Medicine,Tamil Nadu,India,2006
Late Gunter Kruger,Trade & Industry,Maharashtra,India,2006
P. Leela,Arts,Tamil Nadu,India,2006
Devaki Jain,Social Work,Karnataka,India,2006
Dinesh Nandini Dalmia,Literature & Education,Delhi,India,2006
Sai Paranjpye,Arts,Maharashtra,India,2006
K.G. Subramanyan,Arts,West Bengal,India,2006
Lokesh Chandra,Literature & Education,Delhi,India,2006
M. V. Pylee,Literature & Education,Kerala,India,2006
N.S. Ramaswamy,Social Work,Karnataka,India,2006
Vijay Shankar Vyas,Literature & Education,Rajasthan,India,2006
Kewal Kishan Talwar,Medicine,Chandigarh,India,2006
Deepak Parekh,Trade & Industry,Maharashtra,India,2006
Dusan Zbavitel,Literature & Education,,Czech Republic,2006
Ganga Prasad Birla,Social Work,West Bengal,India,2006
Gregory Bongard-Levin,Literature & Education,,Russia,2006
Hira Lall Sibal,Public Affairs,Chandigarh,India,2006
K. P. P. Nambiar,Science & Engineering,Karnataka,India,2006
Kamleshwar Prasad Saxena,Literature & Education,Delhi,India,2006
Nandan Nilekani,Science & Engineering,Karnataka,India,2006
P.P. Rao,Public Affairs,Uttar Pradesh,India,2006
P.S. Appu,Civil Service,Karnataka,India,2006
Ramakanta Rath,Literature & Education,Orissa,India,2006
S. Ramadorai,Trade & Industry,Maharashtra,India,2006
Shashi Bhushan,Public Affairs,Delhi,India,2006
Tarun Das,Trade & Industry,Haryana,India,2006
Abdul Halim Jaffer Khan,Arts,Maharashtra,India,2006
Ustad Ghulam Mustafa Khan,Arts,Maharashtra,India,2006
Sabri Khan,Arts,Delhi,India,2006
A. K. Hangal,Arts,Mumbai,India,2006
Name,Field,State,Country,
Hakim Syed Mohammad Sharfuddin Quadri,Medicine,West Bengal,India,2007
Rajan Misra,Arts,Delhi,India,2007
Sajan Misra,Arts,Delhi,India,2007
Father Gabriel,Literature & Education,Kerala,India,2007
Prithipal Singh Maini,Medicine,Delhi,India,2007
Manju Sharma,Science & Engineering,Delhi,India,2007
V. Mohini Giri,Social Work,Delhi,India,2007
Gurcharan Singh Kalkat,Science & Engineering,Chandigarh,India,2007
N. Mahalingam,Trade & Industry,Tamil Nadu,India,2007
Saroj Ghose,Science & Engineering,West Bengal,India,2007
Shiv Kumar Sarin,Medicine,Delhi,India,2007
Vilayanur Ramachandran,Science & Engineering,,United States,2007
Somnath Hore,Arts,West Bengal,India,2007
O. Suzuki,Trade & Industry,,Japan,2007
Indra Nooyi,Trade & Industry,,United States,2007
(Vaidya) Shriram Sharma,Medicine,Maharashtra,India,2007
T.N. Srinivasan,Literature & Education,,United States,2007
Tapan Ray Chaudhuri,Literature & Education,,United Kingdom,2007
Captain L.Z. Sailo,Literature & Education,Mizoram,India,2007
Gopaldas Neeraj,Literature & Education,Uttar Pradesh,India,2007
Jamshed Jiji Irani,Trade & Industry,Maharashtra,India,2007
Javed Jan Nisaar Akhtar,Literature & Education,Maharashtra,India,2007
Justice K. T. Thomas,Public Affairs,Kerala,India,2007
Kavalam Narayan Panikkar,Arts,Kerala,India,2007
Chandra Prasad Saikia,Literature & Education,Assam,India,2007
Bhikhu Parekh,Literature & Education,,United Kingdom,2007
Jeffrey D. Sachs,Literature & Education,,United States,2007
Kalamandalam Ramankutty Nair,Arts,Kerala,India,2007
Sunil Bharti Mittal,Trade & Industry,Delhi,India,2007
Syed Haider Raza,Arts,,France,2007
Tyeb Mehta,Arts,Maharashtra,India,2007
Ela Gandhi,Public Affairs,,South Africa,2007
Name,Field :,State,Country,
Asad Ali Khan,Arts,Delhi,India,2008
Srinivasa S.R. Varadhan,Literature & Education,,USA,2008
Jagjit Singh Chopra,Medicine,Chandigarh,India,2008
Inderjit Kaur,Social Work,Punjab,India,2008
Padma Desai,Literature & Education,,USA :,2008
Shayama Chona,Literature & Education,Delhi,India,2008
Asis Datta,Science & Engineering,Delhi,India,2008
Baba Neelkanth Kalyani,Trade & Industry,Maharashtra,India,2008
Mian Bashir Ahmed,Public Affairs,Jammu and Kashmir,India,2008
Brijinder Nath Goswamy,Literature & Education,Chandigarh,India,2008
D. R. Mehta,Social Work,Rajasthan,India,2008
Dominique Lapierre,Social Work,,France,2008
Jasdev Singh,Others,Delhi,India,2008
Ji Xianlin,Literature & Education,,China,2008
K. Padmanabhiah,Civil Service,Delhi,India,2008
K. V. Kamath,Trade & Industry,Karnataka,India,2008
Kaushik Basu,Literature & Education,West Bengal,USA,2008
Sri Lal Sukla,Literature & Education,Uttar Pradesh,India,2008
Amarnath Sehgal,Arts,Delhi,India,2008
Meghnad Desai,Public Affairs,,United Kingdom,2008
Yuli Mikhailovich Vorontsov,Public Affairs,Moscow,Russia,2008
P. Susheela,Arts,Andhra Pradesh,India,2008
Rahim Fahimuddin Dagar,Arts,Delhi,India,2008
Ravindra Kelekar,Literature & Education,Goa,India,2008
Shiv Nadar,Trade & Industry,Tamil Nadu,India,2008
Sukh Dev,Science & Engineering,Delhi,India,2008
Sunita Williams,Science & Engineering,,USA,2008
Suresh Kumar Neotia,Trade & Industry,Delhi,India,2008
Sushil Kumar Saxena,Arts,Delhi,India,2008
T. K. Oommen,Literature & Education,Haryana,India,2008
V. Ramachandran,Civil Service,Kerala,India,2008
Vasant Gowarikar,Science & Engineering,Maharashtra,India,2008
Vikram Pandit,Trade & Industry,,USA,2008
Name,Field',State,Country,
G. Sivarama Krishna Murthy,Arts,Andhra Pradesh,India,2009
R. C. Mehta,Arts,Gujarat,India,2009
Shamshad Begum,Arts,Maharashtra,India,2009
V. P. Dhananjayan,Arts,Tamil Nadu,India,2009
Shanta Dhananjayan,Arts,Tamil Nadu,India,2009
Dr. Vaidyanathan Ganapathi Sthapati,Art,Tamil Nadu,India,2009
S.K. Misra,Civil Service,Haryana,India,2009
Shekhar Gupta,Journalism,Delhi,India,2009
Alappat Sreedhara Menon,Literature & Education,Kerala,India,2009
C.K. Prahalad,Literature & Education,,United States,2009
D. Jayakanthan,Literature & Education,Tamil Nadu,India,2009
Isher Judge Ahluwalia,Literature & Education,Delhi,India,2009
Kunwar Narayan,Literature & Education,Delhi,India,2009
Minoru Hara,Literature & Education,,Japan,2009
Ramachandra Guha,Literature & Education,Karnataka,India,2009
Brijendra Kumar Rao,Medicine,Delhi,India,2009
Vaidya Devendra Triguna,Medicine,Delhi,India,2009
Khalid Hameed,Medicine,,United Kingdom,2009
Satish Nambiar,National Security Affairs,Delhi,India,2009
Inderjit Kaur Barthakur,Public Affairs,Meghalaya,India,2009
Kirit Shantilal Parikh,Public Affairs,Delhi,India,2009
Bhakta B. Rath,Science & Engineering,Orissa,United States,2009
Conjeevaram Srirangachari Seshadri,Science & Engineering,Tamil Nadu,India,2009
Dr. Gurdip Singh Randhawa,Science & Engineering,Delhi,India,2009
Sam Pitroda,Science & Engineering,Delhi,India,2009
Sarvagya Singh Katiyar,Science & Engineering,Uttar Pradesh,India,2009
Thomas Kailath,Science & Engineering,Kerala,India,2009
Naganath Nayakawadi,Social Work,Maharashtra,India,2009
Sarojini Varadappan,Social Work,Tamil Nadu,India,2009
Abhinav Bindra,Sports,Punjab,India,2009
Anil Manibhai Naik,Trade & Industry,Maharashtra,India,2009
Name,Field,State,Country,
Bal Krishna Goyal,Medicine,Maharashtra,India,1990
Laxmangudi Krishnamurthy Doraiswamy,Science & Engineering,,United States,1990
M.R. Srinivasan,Science & Engineering,Maharashtra,India,1990
Marthanda Varma Sankaran Valiathan,Medicine,Kerala,India,1990
Mohammad Khalilullah,Medicine,Delhi,India,1990
Rajanikant Sankarro Arole,Social Work,Maharashtra,India,1990
Sattaiyappa Dhandapani Desikar,Literature & Education,Tamil Nadu,India,1990
Sukumar Sen,Literature & Education,West Bengal,India,1990
Sumant Moolgaokar,Trade & Industry,Maharashtra,India,1990
Bimal Kumar Bachhawat,Science & Engineering,Delhi,India,1990
Hirendra Nath Mukherjee,Literature & Education,West Bengal,India,1990
Mudumbai Seshachalu Narasimhan,Science & Engineering,Maharashtra,India,1990
Bimal Krishna Matilal,Literature & Education,,United Kingdom,1990
Trilochan Pradhan,Science & Engineering,Orissa,India,1990
Jasraj,Arts,Maharashtra,India,1990
Nikhil Ghosh,Arts,Maharashtra,India,1990
Arun Shourie,Literature & Education,Delhi,India,1990
Closepet Dasappa Narasimhaiah,Literature & Education,Karnataka,India,1990
Inder Mohan,Social Work,Delhi,India,1990
Julius Silverman,Public Affairs,,United Kingdom,1990
Kunwar Singh Negi,Literature & Education,Uttarakhand,India,1990
Narasimhan Ram,Literature & Education,Tamil Nadu,India,1990
Purushottam Laxman Deshpande,Arts,Maharashtra,India,1990
Ram Narain Malhotra,Civil Service,Maharashtra,India,1990
Name,Field,State,Country,
Basavaraj Rajguru,Arts,Karnataka,India,1991
Bindeshwar Pathak,Social Work,Bihar,India,1991
Leslie Denis Swindale,Science & Engineering,,New Zealand,1991
Muthu Krishna Mani,Medicine,Tamil Nadu,India,1991
Pratap C Reddy,Medicine,Andhra Pradesh,India,1991
Ale Ahmad Suroor,Arts,Uttar Pradesh,India,1991
Dinkar Balwant Deodhar,Sports,Maharashtra,India,1991
Narayan Shridhar Bendre,Arts,Maharashtra,India,1991
Ram Narayan,Arts,Maharashtra,India,1991
Samta Prasad,Arts,Uttar Pradesh,India,1991
Amjad Ali Khan,Arts,Delhi,India,1991
Ebrahim Alkazi,Arts,Delhi,India,1991
Fali Sam Nariman,Public Affairs,Delhi,India,1991
Jeevan Singh Umranangal,Public Affairs,Punjab,India,1991
Kapil Dev Nikhanj,Sports,Delhi,India,1991
Kuthur Ramakrishnan Srinivasan,Literature & Education,Tamil Nadu,India,1991
Lala Amarnath,Sports,Delhi,India,1991
Manubhai Pancholi,Public Affairs,Gujarat,India,1991
Mohammad Yusuf Khan (Dilip Kumar),Arts,Maharashtra,India,1991
Narayan Singh Manaklao,Social Work,Rajasthan,India,1991
Shyam Benegal,Arts,Maharashtra,India,1991
Vishnu Vaman Shirwadkar,Literature & Education,Maharashtra,India,1991
Amala Shankar,Science & Engineering,West Bengal,India,1991
Shakuntala Paranjpye,Social Work,Maharashtra,India,1991
Name,Field,State,Country,
Kadur Venkatalakshmma,Arts,Karnataka,India,1992
Gurusaran Prasad Talwar,Medicine,Delhi,India,1992
Khem Singh Gill,Science & Engineering,Punjab,India,1992
Krishnaswamy Kasturirangan,Science & Engineering,Karnataka,India,1992
Ramachandra Datatraya Lele,Medicine,Maharashtra,India,1992
Thayil John Cherian,Medicine,Tamil Nadu,India,1992
Hakim Abdul Hameed,Medicine,Delhi,India,1992
Cingireddy Narayana Reddy,Literature & Education,Andhra Pradesh,India,1992
Ranjan Roy Daniel,Science & Engineering,Tamil Nadu,India,1992
T. N. Krishnan,Arts,Tamil Nadu,India,1992
C. R. Vyas,Arts,Maharashtra,India,1992
Devabrata Chaudhuri,Arts,Delhi,India,1992
Hariprasad Chaurasia,Arts,Maharashtra,India,1992
Adusumalli Radha Krishna,Arts,Andhra Pradesh,India,1992
Bijoy Chandra Bhagawati,Public Affairs,Assam,India,1992
Dalsukh Dahyabhai Malvania,Literature & Education,Gujarat,India,1992
Girish Karnad,Arts,Karnataka,India,1992
Goro Koyama,Others,,Japan,1992
Hasmukh Thakoradas Parekh,Trade & Industry,Maharashtra,India,1992
Kisan Baburao (Anna Hazare),Social Work,Maharashtra,India,1992
Kongara Jaggaiah,Arts,Andhra Pradesh,India,1992
Naushad,Arts,Maharashtra,India,1992
Setu Madhavrao Pagdi,Literature & Education,Maharashtra,India,1992
Syed Abdul Malik,Literature & Education,Assam,India,1992
Talat Mahmood,Arts,Maharashtra,India,1992
Triloki Nath Khoshoo,Science & Engineering,Delhi,India,1992
Vavilala Gopalakrishnaya,Public Affairs,Andhra Pradesh,India,1992
Virendra Dayal,Civil Service,Delhi,India,1992
Byrappa Saroja Devi Sri Harsha,Arts,Karnataka,India,1992
Mambalikalathil Sarada Menon,Social Work,Tamil Nadu,India,1992
Mrinalini Sarabhai,Arts,Gujarat,India,1992
Sonal Mansingh,Arts,Delhi,India,1992
Vaid Brihaspati Dev Triguna,Medicine,Delhi,India,1992
Name,Field,State,Country,
Colonel Gurbaksh Singh Dhillon,Public Affairs,Madhya Pradesh,India,1998
Bhisham Sahni,Literature & Education,Delhi,India,1998
Gurukumar Balachandra Parulkar,Medicine,Maharashtra,India,1998
Hem Lata Gupta,Medicine,Delhi,India,1998
Laxmi Mall Singhvi,Public Affairs,Delhi,India,1998
Maligali Ram Krishna Girinath,Medicine,Tamil Nadu,India,1998
Panangipalli Venugopal,Medicine,Delhi,India,1998
Rajendra Singh Paroda,Science & Engineering,Delhi,India,1998
Udupi Rajagopalachar Ananthamurthy,Literature & Education,Karnataka,India,1998
Vempati Chinna Satyam,Arts,Tamil Nadu,India,1998
Debi Prasad Chattopadhyaya,Literature & Education,West Bengal,India,1998
Sivaramakrishna Chandrasekhar,Science & Engineering,Karnataka,India,1998
Vaidyeswaran Rajaraman,Science & Engineering,Karnataka,India,1998
G. Madhavan Nair,Science & Engineering,Kerala,India,1998
Hari Krishan Dua,Literature & Education,Delhi,India,1998
K.M. Mathew,Literature & Education,Kerala,India,1998
Satyapal Dang,Public Affairs,Punjab,India,1998
Vithal Mahadev Tarkunde,Public Affairs,Uttar Pradesh,India,1998
Name,Field,State,Country,
Anil Kakodkar,Science & Engineering,Maharashtra,India,1999
George Joseph,Science & Engineering,Gujarat,India,1999
Jacob Cherian,Social Work,Tamil Nadu,India,1999
Sengamedu Srinivasa Badrinath,Medicine,Tamil Nadu,India,1999
Shivmangal Singh Suman,Literature & Education,Madhya Pradesh,India,1999
Vidya Niwas Misra,Literature & Education,Uttar Pradesh,India,1999
Ashok Kumar,Arts,Maharashtra,India,1999
D.C. Kizhakemuri,Literature & Education,Kerala,India,1999
Hari Dev Shourie,Social Work,Delhi,India,1999
Jag Parvesh Chandra,Public Affairs,Delhi,India,1999
Krishnamurthy Santhanam,Science & Engineering,Delhi,India,1999
Ramkinker Upadhyay,Others,Uttar Pradesh,India,1999
Sohrab Pirojsha Godrej,Trade & Industry,Maharashtra,India,1999
Pushpa Lata Das,Social Work,Assam,India,1999
Name,Field,State,Country,
Sunil Manohar Gavaskar,Sports,Maharashtra,India,1980
Name,Field,State,Country,
Prabhat Kumar Mukherjee,Civil Service,West Bengal,India,1981
Prafulla B. Ragubhai Desai,Medicine,Maharashtra,India,1981
Amrit Lal Nagar,Literature & Education,Uttar Pradesh,India,1981
Avul Pakir Jainulabdeen Abdul Kalam,Civil Service,Tamil Nadu,India,1981
Gopinath Mohanthy,Literature & Education,Orissa,India,1981
Makhala Jha,Social Work,Bihar,India,1981
Vainu Bappu,Science & Engineering,Tamil Nadu,India,1981
Mrinal Sen,Arts,West Bengal,India,1981
Avabai Bomanji Wadia,Social Work,Maharashtra,India,1981
Name,Field,State,Country,
Acharya P.N. Pttabhirama Sastri,Literature & Education,Uttar Pradesh,India,1982
Ajit Ram Verma,Science & Engineering,Delhi,India,1982
Arnee Sreenivasan Ramakrishnan,Medicine,Tamil Nadu,India,1982
Atam Prakash,Medicine,Delhi,India,1982
Grace L.Mc. Cann Morely,Science & Engineering,Delhi,India,1982
Jal Minocher Mehta,Medicine,Maharashtra,India,1982
Rani Gaidinliu,Social Work,Nagaland,India,1982
Syed Zahoor Qasim,Civil Service,Delhi,India,1982
Jasbir Singh Bajaj,Medicine,Delhi,India,1982
Kamal Ranadive,Medicine,Maharashtra,India,1982
Gottipati Brahmaiah,Social Work,Andhra Pradesh,India,1982
Jhabar Mal Sharma,Literature & Education,Rajasthan,India,1982
S. Balachander,Arts,Tamil Nadu,India,1982
Stella Kramrisch,Literature & Education,,United States,1982
Khadim Hussain Khan,Arts,Maharashtra,India,1982
Name,Field,State,Country,
Nagendra,Literature & Education,Delhi,India,1983
Dr.Rajkumar,Arts,Karnataka,India,1983
Doraiswamy Iyengar,Arts,Karnataka,India,1983
Adi M. Sethna,Civil Service,Delhi,India,1983
Suraj Parkash Malhotra,Civil Service,Delhi,India,1983
Arun Kumar Sharma,Science & Engineering,Delhi,India,1983
K. Gopalaiyer Ramanathan,Literature & Education,Maharashtra,India,1983
Subodh Chandra Sengupta,Literature & Education,West Bengal,India,1983
V. G. Jog,Arts,West Bengal,India,1983
Benudhar Sharma,Literature & Education,Assam,India,1983
K. Sankaran Nair,Civil Service,Kerala,India,1983
Kershap Tehmurasp Satarawala,Civil Service,Goa,India,1983
Prem Nazir,Arts,Kerala,India,1983
Raja Bhalendra Singh,Sports,Delhi,India,1983
Swraj Paul,Social Work,,United Kingdom,1983
Umrao Singh,Civil Service,Punjab,India,1983
Sir Richard Samuel Attenborough,Arts,,United Kingdom,1983
Name,Field,State,Country,
Acharya Baldev Upadhyaya,Literature & Education,Uttar Pradesh,India,1984
Kotha Satchidanda Murthy,Literature & Education,Andhra Pradesh,India,1984
Ganda Singh,Literature & Education,Punjab,India,1984
Hanumanthappa Narasimhaiah,Literature & Education,Karnataka,India,1984
Ishwari Prasad,Literature & Education,Uttar Pradesh,India,1984
Sripada Pinakapani,Arts,Andhra Pradesh,India,1984
Marie Seton,Literature & Education,,United Kingdom,1984
Horace Alexander,Literature & Education,,United States,1984
Archana Sharma (botanist),Medicine,West Bengal,India,1984
Obaid Siddiqui,Science & Engineering,Maharashtra,India,1984
Narayan Chaturvedi,Literature & Education,Uttar Pradesh,India,1984
Bhabesh Chandra Sanyal,Arts,Madhya Pradesh,India,1984
Jnan Prakash Ghosh,Arts,West Bengal,India,1984
Kanwar Natwar Singh,Civil Service,Delhi,India,1984
Michael Ferreira,Sports,Maharashtra,India,1984
Vijay Tendulkar,Arts,Maharashtra,India,1984
Villupuram Chinniah Ganessan,Arts,Tamil Nadu,India,1984
Name,Field,State,Country,
Amarjit Singh,Civil Service,Rajasthan,India,1985
Durga Das Basu,Public Affairs,West Bengal,India,1985
Srinivasan Varadarajan,Civil Service,Delhi,India,1985
Jayantibhai Patel,Medicine,Gujarat,India,1985
Justice Sadat Abul Masud,Public Affairs,West Bengal,India,1985
Bernard Peters,Science & Engineering,,Denmark,1985
Bhalchandra Udgaonkar,Science & Engineering,Maharashtra,India,1985
Eknath Vasant Chitnis,Science & Engineering,Gujarat,India,1985
Gurbachan Singh Talib,Literature & Education,Punjab,India,1985
Gurbaksh Singh,Civil Service,Delhi,India,1985
Rais Ahmed,Literature & Education,Delhi,India,1985
Sivaraj Ramaseshan,Science & Engineering,Karnataka,India,1985
Virender Lal Chopra,Science & Engineering,Delhi,India,1985
Bhimsen Joshi,Arts,Maharashtra,India,1985
Gopala Ramanujam,Social Work,Tamil Nadu,India,1985
Santideb Ghosh,Arts,West Bengal,India,1985
Shiba Prasad Chatterjee,Literature & Education,West Bengal,India,1985
Surinder Singh Gill,Civil Service,Delhi,India,1985
Tribhuvandas Luhar 'Sundaram',Literature & Education,Puducherry,India,1985
Thakazhi Sivasankara Pillai,Literature & Education,Kerala,India,1985
Vuppuluri Ganapathi Sastry,Literature & Education,Andhra Pradesh,India,1985
Kalanidhi Narayanan,Arts,Tamil Nadu,India,1985
Name,Field,State,Country,
Badri Nath Tandon,Medicine,Delhi,India,1986
Pushpa Mittra Bhargava,Medicine,Andhra Pradesh,India,1986
S. Dillon Ripley,Science & Engineering,,United States,1986
Vallampadugai Srinivasa Raghavan Arunachalam,Civil Service,Delhi,India,1986
Manohar Lal Chibbar,Civil Service,Delhi,India,1986
C. Venkataraman Sundaram,Science & Engineering,Tamil Nadu,India,1986
Gulshan Lal Tandon,Civil Service,West Bengal,India,1986
Jean Ribound,Public Affairs,,France,1986
Martand Singh,Public Affairs,Delhi,India,1986
Rajeev Sethi,Civil Service,Delhi,India,1986
Ram Krishna Trivedi,Public Affairs,Uttar Pradesh,India,1986
Venkataraman Krishnamurthy,Civil Service,Delhi,India,1986
Ela Ramesh Bhatt,Social Work,Gujarat,India,1986
Nasir Aminuddin Daggar,Arts,West Bengal,India,1986
Name,Field,State,Country,
Farokh Erach Udwadia,Medicine,Maharashtra,India,1987
Laxmi Prasad Sihare,Civil Service,Delhi,India,1987
Man Mohan Sharma,Science & Engineering,Maharashtra,India,1987
Roddam Narasimha,Science & Engineering,Karnataka,India,1987
Annada Shankar Ray,Literature & Education,West Bengal,India,1987
Julio Francis Ribeiro,Civil Service,Maharashtra,India,1987
Mohammed Yunus,Civil Service,Delhi,India,1987
Ramachandra Dattatray Pradhan,Civil Service,Maharashtra,India,1987
Srinivasa Anandaram,Civil Service,Delhi,India,1987
Kishori Amonkar,Arts,Maharashtra,India,1987
Nalapat Balamani Amma,Literature & Education,Kerala,India,1987
Nikhil Banerjee,Arts,West Bengal,India,1987
Name,Field,State,Country,
Col. Satya Pal Wahi,Trade & Industry,Uttar Pradesh,India,1988
Badanaval Venkata Sreekantan,Science & Engineering,Maharashtra,India,1988
Pratury Trirumala Rao,Medicine,Andhra Pradesh,India,1988
Ram Prakash Bambah,Science & Engineering,Chandigarh,India,1988
Abid Hussain,Civil Service,Delhi,India,1988
Akkineni Nageswara Rao,Arts,Andhra Pradesh,India,1988
Ashok Sekhar Ganguly,Trade & Industry,Maharashtra,India,1988
Bal Ram Nanda,Literature & Education,Delhi,India,1988
Kartar Singh Duggal,Literature & Education,Delhi,India,1988
Kelucharan Mohapatra,Arts,Orissa,India,1988
19th Kushok Bakula Rinpoche,Public Affairs,Delhi,India,1988
Shrijans Prasad Jain,Social Work,Maharashtra,India,1988
Renuka Ray,Public Affairs,West Bengal,India,1988
Name,Field,State,Country,
Ashes Prasad Mitra,Science & Engineering,Delhi,India,1989
Banoo Jehangir Coyaji,Medicine,Maharashtra,India,1989
Narinder Singh Randhawa,Science & Engineering,Delhi,India,1989
Prakash Narain Tandon,Medicine,Delhi,India,1989
Fenner Brockway,Public Affairs,,United Kingdom,1989
Mukut Vehari Mathur,Science & Engineering,Rajasthan,India,1989
Girilal Jain,Literature & Education,Delhi,India,1989
Kattingeri Krishna Hebbar,Arts,Maharashtra,India,1989
Lakshman Singh,Public Affairs,Maharashtra,India,1989
Rustomji Homusji Modi,Trade & Industry,Jharkhand,India,1989
Suresh Shankar Nadkarni,Trade & Industry,Maharashtra,India,1989
Yosho Sakurauchi,Public Affairs,,Japan,1989
Anna Rajam Malhotra,Civil Service,Maharashtra,India,1989
Girija Devi,Arts,Uttar Pradesh,India,1989
Name,Field,State,Country,
Viswanatha Satyanarayana,Literature & Education,Andhra Pradesh,India,1970
Amiya Chakravarty,Literature & Education,West Bengal,India,1970
Birender Nath Ganguli,Literature & Education,Delhi,India,1970
Krishna Swamy Ramaiah,Science & Engineering,Tamil Nadu,India,1970
Maharajapuram Sitaram Krishnan,Science & Engineering,Tamil Nadu,India,1970
Mahesh Prasad Mehray,Medicine,Uttar Pradesh,India,1970
Prem Nath Wahi,Civil Service,Delhi,India,1970
Purusthottam Kashinath Kelkar,Literature & Education,Maharashtra,India,1970
Syed Abdul Latif (writer),Literature & Education,Andhra Pradesh,India,1970
Kumari Surender Saini,Social Work,Delhi,India,1970
Ahmed Jan Thirkwa Khan,Arts,Uttar Pradesh,India,1970
Anantrao Wasudeo Sahasrabudhe,Social Work,Maharashtra,India,1970
Bhagwantrao Annabhau Mandloi,Public Affairs,Madhya Pradesh,India,1970
Buddhadeva Bose,Literature & Education,West Bengal,India,1970
Gainedi Narasimha Rao,Civil Service,Andhra Pradesh,India,1970
Gurram Jashuva,Literature & Education,Andhra Pradesh,India,1970
Hans Raj Gupta,Public Affairs,Haryana,India,1970
M.R. Brahman,Civil Service,Andhra Pradesh,India,1970
N.M. Wagle,Civil Service,Maharashtra,India,1970
Narayan Sadoba Kajrolkar,Social Work,Maharashtra,India,1970
Ramkinkar Baiz,Arts,West Bengal,India,1970
Ratan Lal Joshi,Literature & Education,Delhi,India,1970
Sombhu Mitra,Arts,West Bengal,India,1970
T. S. Avinashilingam Chettiar,Literature & Education,Tamil Nadu,India,1970
Vivekananda Mukhopadhya,Literature & Education,West Bengal,India,1970
Yash Pal,Literature & Education,Punjab,India,1970
Hirabai Badodekar,Arts,Maharashtra,India,1970
Kamala,Arts,Tamil Nadu,India,1970
Name,Field,State,Country,
Amir Khan,Arts,Madhya Pradesh,India,1971
Bishnupada Mukhopadhyaya,Medicine,Bihar,India,1971
Madan Mohan Singh,Medicine,Delhi,India,1971
Santosh Kumar Mukherjee,Medicine,Madhya Pradesh,India,1971
Satish Dhawan,Science & Engineering,Karnataka,India,1971
Shantilal Jamnadas Mehta,Medicine,Maharashtra,India,1971
Veni Shankar Jha,Literature & Education,Madhya Pradesh,India,1971
Vulimiri Ramalingeswami,Medicine,Tamil Nadu,India,1971
Pich Sambamoorthy,Arts,Tamil Nadu,India,1971
A. Vithal Alias Dhananjay Keer,Literature & Education,Maharashtra,India,1971
Bhagwati Charan Varma,Literature & Education,Uttar Pradesh,India,1971
Bhalchandra Digamber Garware,Trade & Industry,Maharashtra,India,1971
Devchand Chhaganlal Shah,Social Work,Maharashtra,India,1971
Gokulbhai Bhatt,Social Work,Rajasthan,India,1971
Jaishankar Bhojak 'Sundari',Arts,Gujarat,India,1971
Jainendra Kumar Jain,Literature & Education,Delhi,India,1971
Jogesh Chandra De,Trade & Industry,West Bengal,India,1971
Kadar Nath Mookerjee,Trade & Industry,West Bengal,India,1971
Kalindi Charan Panigrahi,Literature & Education,Orissa,India,1971
Kandathil Mammen Cherian,Literature & Education,Kerala,India,1971
Kasturi Lal Vij,Civil Service,Delhi,India,1971
Krishna Rao Ganesh Phulambrikar,Arts,Maharashtra,India,1971
Manibhai J. Patel,Trade & Industry,Madhya Pradesh,India,1971
Manindra Nath Chakravarti,Civil Service,West Bengal,India,1971
Mungtu Ram Jaipuria,Social Work,Delhi,India,1971
Natesaganabadigal Ramaswami Ayyar,Arts,Tamil Nadu,India,1971
Nisar Hussain Khan,Arts,Uttar Pradesh,India,1971
P Thiruvillvmalai Seshan M. Iyer,Arts,Tamil Nadu,India,1971
Palghat T.S. Mani (N. Ganapatigal Ramaswami) Ayyar,Social Work,Tamil Nadu,India,1971
Pandurang Vasudeva Sukhram (also written Sukhatme),Science & Engineering,,Italy,1971
Parmeshari Lal Varma,Civil Service,Chandigarh,India,1971
Poyipilli Kunju Kurup,Arts,Kerala,India,1971
Rasipuram Krishnaswamy Laxman,Arts,Maharashtra,India,1971
Shri Raj Kapoor,Arts,Punjab,India,1971
Ramarao Madhaorao Deshmukh,Trade & Industry,Maharashtra,India,1971
Suraj Bhan,Literature & Education,Chandigarh,India,1971
Suresh Chandra Roy,Trade & Industry,West Bengal,India,1971
Ved Rattan Mohan,Trade & Industry,Uttar Pradesh,India,1971
Venkatarama Ramalingam Pillai,Literature & Education,Tamil Nadu,India,1971
Damal Krishnaswami Pattammal,Arts,Tamil Nadu,India,1971
Gangubai Hangal,Arts,Karnataka,India,1971
Name,Field,State,Country,
Air Marshal H.C. Dewan,Civil Service,Punjab,India,1972
Minoo Merwan Engineer,Civil Service,Gujarat,India,1972
Bal Dattatreya Tilak,Science & Engineering,Maharashtra,India,1972
Baldev Singh,Medicine,Delhi,India,1972
Bhalchandra Nilkanth Purandare,Medicine,Maharashtra,India,1972
Bharat Ram,Trade & Industry,Delhi,India,1972
Jai Krishna,Civil Service,Uttar Pradesh,India,1972
Lakhumal Hiranand Hiranandani,Medicine,Maharashtra,India,1972
M.S. Swaminathan,Science & Engineering,Tamil Nadu,India,1972
Pran Nath Chhutani,Literature & Education,Chandigarh,India,1972
Shantilal C. Sheth,Medicine,Maharashtra,India,1972
Sujay Bhushan Roy,Medicine,West Bengal,India,1972
Syad Hussain Zaheer,Trade & Industry,Andhra Pradesh,India,1972
T.N. Raina,Civil Service,Jammu and Kashmir,India,1972
Jagjit Singh Arora,Civil Service,Delhi,India,1972
K. P. Candeth,Civil Service,Delhi,India,1972
Gopal Gurunath Bewoor,Civil Service,Karnataka,India,1972
Khem Karan Singh,Civil Service,Punjab,India,1972
Sagat Singh,Civil Service,Punjab,India,1972
Lt. Gen. Sartaj Singh,Civil Service,Punjab,India,1972
Inderjit Singh Gill,Civil Service,Maharashtra,India,1972
Dattatraya Yeshwant Phadke,Science & Engineering,Maharashtra,India,1972
Krishnaswamy Swaminathan,Literature & Education,Delhi,India,1972
L.A.Krishna Iyer,Science & Engineering,Kerala,India,1972
Ram Narayan Chakravarty,Science & Engineering,West Bengal,India,1972
Adya Rangacharya,Literature & Education,Karnataka,India,1972
Amruti V. Mody,Civil Service,Maharashtra,India,1972
Ashwini Kumar,Civil Service,Punjab,India,1972
Ayyagari Sambasiva Rao,Science & Engineering,Andhra Pradesh,India,1972
B. N. Sircar,Arts,Bihar,India,1972
Benoy Shushan Gosh,Civil Service,West Bengal,India,1972
Chandrika Prasad Srivastava,Civil Service,,United Kingdom,1972
Kayalath Pothen Philip,Literature & Education,Maharashtra,India,1972
Khusro Faramurz Rustamji,Civil Service,Madhya Pradesh,India,1972
M. Bhardwaja Ramachandra Rao,Science & Engineering,Delhi,India,1972
Madhavrao Khandarao Bagal,Social Work,Maharashtra,India,1972
Mahashwar Dayal,Social Work,Delhi,India,1972
Mohd. Hayath,Civil Service,Karnataka,India,1972
Mohinder Singh Randhawa,Science & Engineering,Punjab,India,1972
Nori Gopala Krishna Murthy,Civil Service,Andhra Pradesh,India,1972
Papanasan Ramayya Sivam,Arts,Tamil Nadu,India,1972
Pran Nath Luthra,Civil Service,Punjab,India,1972
Sirtaz Singh Sahi,Civil Service,Chandigarh,India,1972
Surinder Singh Bedi,Civil Service,Delhi,India,1972
T. A. Pai,Civil Service,Karnataka,India,1972
Vinayakrao Patwardhan,Arts,Maharashtra,India,1972
Gulestan Rustom Billimoria,Social Work,Maharashtra,India,1972
Yashodhara Dasappa,Social Work,Karnataka,India,1972
Nilkanta Krishnan,Civil Service,Tamil Nadu,India,1972
Surendra Nath Kohli,Civil Service,Punjab,India,1972
Name,Field,State,Country,
Om Prakash Bahal,Science & Engineering,,United States,1973
Raja M. Annamalai Muthiah Chettiar,Trade & Industry,Tamil Nadu,India,1973
Raja Ramanna,Science & Engineering,Karnataka,India,1973
N R Malkani,Social Work,Rajasthan,India,1973
Banarsi Das Chaturvedi,Literature & Education,Uttar Pradesh,India,1973
Chembai Vaidyanatha Bhagavatar,Arts,Kerala,India,1973
Harindranath Chattopadhyay,Literature & Education,Andhra Pradesh,India,1973
Krishna Rao Shankar Pandit,Arts,Madhya Pradesh,India,1973
K. Sukumaran,Literature & Education,Kerala,India,1973
Maqbool Fida Husain,Arts,Delhi,India,1973
Pitambar Pant,Civil Service,Uttar Pradesh,India,1973
Pothan Joseph,Literature & Education,Kerala,India,1973
Ramakanth Maheshwar Majumder,Civil Service,Karnataka,India,1973
Sudhir Krishna Mukherjee,Civil Service,West Bengal,India,1973
Vennelakanti Raghavaiah,Social Work,Andhra Pradesh,India,1973
Vinoo Himatlal Mankand,Sports,Gujarat,India,1973
Gosasp Maneckji Sorabji,Social Work,Maharashtra,India,1973
Name,Field,State,Country,
Bishop John Richardson,Social Work,Andaman and Nicobar Islands,India,1974
Alice Boner,Arts,,Italy,1974
Arunachala Sreenivasan,Science & Engineering,Karnataka,India,1974
Camille Bulcke,Literature & Education,,Belgium,1974
DVG,Literature & Education,Karnataka,India,1974
Moti Chandra,Science & Engineering,Maharashtra,India,1974
Ram Kumar Caroli,Medicine,Uttar Pradesh,India,1974
Raman Viswanthan,Medicine,Tamil Nadu,India,1974
Vasant Shankar S. Hazurbazar,Literature & Education,Maharashtra,India,1974
Bhupati Mohan Sen,Literature & Education,West Bengal,India,1974
Toppur Seethapathy Sadasivan,Science & Engineering,Tamil Nadu,India,1974
Sukhlal Sanghvi,Literature & Education,Gujarat,India,1974
B. Narasimha Reddy,Arts,Andhra Pradesh,India,1974
Chintamani Kar,Arts,West Bengal,India,1974
Dhirendra Nath Ganguly,Arts,West Bengal,India,1974
Habibur Rahman,Science & Engineering,Delhi,India,1974
Hasmukh Dhirajlal Sankalia,Civil Service,Maharashtra,India,1974
Jaidev Singh,Science & Engineering,Uttar Pradesh,India,1974
Jayant Pandurang Naik,Literature & Education,Maharashtra,India,1974
Khushwant Singh,Literature & Education,Punjab,India,1974
Moghubai Kurdikar,Arts,Maharashtra,India,1974
J.L Caroli,Medicine,Uttar Pradesh,India,1974
Name,Field,State,Country,
Asima Chatterjee,Science & Engineering,West Bengal,India,1975
Darab Jahangir Jussawalia,Medicine,Maharashtra,India,1975
Dilbagh Singh Athwal,Science & Engineering,,United States,1975
Madhav Sadashiv Gore,Social Sciences,Maharashtra,India,1975
Pancheti Koteswaram,Civil Service,Tamil Nadu,India,1975
Pratul Chandra Gupta,Literature & Education,West Bengal,India,1975
Vasudev Vishnu Mirashi,Literature & Education,Maharashtra,India,1975
Begum Akhtar,Arts,Uttar Pradesh,India,1975
Kirpal Singh Narang,Literature & Education,Punjab,India,1975
Balai Chand Mukhopadhyaya,Literature & Education,Bihar,India,1975
P. Ardeshir Narielwala,Trade & Industry,Maharashtra,India,1975
P. Krishnagopala Iyengar,Science & Engineering,Maharashtra,India,1975
R. Carltonvivian Pidade Noronha,Civil Service,Madhya Pradesh,India,1975
Raj Kumar Khanna,Civil Service,Delhi,India,1975
Ratan Shastri,Social Work,Rajasthan,India,1975
Name,Field,State,Country,
Begum Zahra Ali Yavar Jung,Social Work,Andhra Pradesh,India,1976
Calambur Sivaramamurthi,Civil Service,Delhi,India,1976
Ennakkal Chandy George Sudarshan,Literature & Education,Kerala,India,1976
Harivansh Rai Bachchan,Literature & Education,Maharashtra,India,1976
Krishnaswami Srinivas Sanjivi,Medicine,Tamil Nadu,India,1976
Malcolm Sathyanathan Adiseshaiah,Civil Service,Tamil Nadu,India,1976
Navakanta Barua,Literature & Education,Assam,India,1976
Udipi Ramachandra Rao,Science & Engineering,Karnataka,India,1976
Yash Pal,Science & Engineering,Punjab,India,1976
Bhogilal Pandya,Social Work,Rajasthan,India,1976
Devendra Sen,Civil Service,West Bengal,India,1976
Devulapalli Venkata Krishna Shastry,Literature & Education,Andhra Pradesh,India,1976
Laxmanshastri Joshi,Literature & Education,Maharashtra,India,1976
Mallikarjun Mansur,Arts,Karnataka,India,1976
Naroji Pirojaha Godrej,Trade & Industry,Maharashtra,India,1976
Ram Mehta,Civil Service,Delhi,India,1976
Name,Field,State,Country,
Baba Prithivi Singh Azad,Public Affairs,Chandigarh,India,1977
Harish Chandra,Literature & Education,,United States,1977
Mysore Narasimhachar Srinivas,Science & Engineering,Karnataka,India,1977
Perugu Siva Reddy,Medicine,Andhra Pradesh,India,1977
Phulrenu Guha,Social Work,West Bengal,India,1977
Thenpattinam Ponnuswamy Meenakshi Sundaram,Literature & Education,Tamil Nadu,India,1977
Yusuf Husain Khan,Literature & Education,Delhi,India,1977
Balasubramaniam Ramamurthi,Medicine,Tamil Nadu,India,1977
Kailas Nath Kaul (Kailash Nath Kaul),Literature & Education,Uttar Pradesh,India,1977
Chackkachan Veedu Krishnan Nair,Social Work,Delhi,India,1977
Gopinnath Aman,Literature & Education,Delhi,India,1977
Jagmohan,Civil Service,Delhi,India,1977
Kuduvayur Sivaram Narayanaswami,Arts,Maharashtra,India,1977
Pramasukh J. Pandya,Arts,Maharashtra,India,1977
Kumar Gandharva,Arts,Madhya Pradesh,India,1977
Annapurna Devi,Arts,West Bengal,India,1977